name,prompt,negative_prompt
negative-ILL,,"(bad quality, worst quality, worst detail, bad, low quality, bad anatomy:1.2),
(6 fingers, 4 fingers bad hands, bad feet, bad hand, bad finger, bad fingers, extra finger, extra fingers, split finger, split fingers, extra digits, fused arms, fused hands:1.2),"
TMXN_style,"(tenchisouha:0.81), (mx2j:0.59), (null_\(nyanpyoun\):0.34), (sugoihi:0.47), (hori_\(hori_no_su\):0.16), (mimoza_\(96mimo414\):0.3),",
Mx22_style(未),"(melon22:0.81), (mx2j:0.59), (cuboon:0.34), (ikuchan_kaoru:0.47), (wow_\(cor369\):0.16),",
MIB_style,"(sage_joh:0.31), (mx2j:0.81), (cuboon:0.65), (ikuchan_kaoru:0.53), (hirune_\(imomonono\):0.16),",
noartist-TEST,"noartist,
1girl, cowboy shot, looking at viewer, standing,
bob cut, medium hair, brown hair, bangs, sidelocks, short hair with long locks, expressionless,
red eyes,
o-ring, o-ring top, strap gap, scrunchie on wrist, large breasts, shiny skin, (covered erect nipples:0.5),
sweat, parted lips, adjusting swimsuit, blue sarong, lens flare,
beach, sea, parasol, atmospheric perspective, detailed background, 4k, 8k, Ultra HD,
sfw, explicit, questionable, (masterpiece:1.2), (best quality:1.2), (very aesthetic:1.2), (absurdres:1.2), newest,",
X/Y/Z test,"{kanzarin|melon22|sugoihi|wada arco (style)|tenchisouha|null_\(nyanpyoun\)|wow_\(cor369\)|mx2j|meion|lunch_\(shin_new\)|ponchi|baffu|hori_\(hori_no_su\)|mendou_kusai|rouka_\(akatyann\)|izuru_\(timbermetal\)|owari_wan|sage_joh|cuboon|pija \(pianiishimo\)|ikuchan_kaoru|hero_neisan|hizuki_akira}
",
OL_ワーキング！Lora,"1girl, solo focus, { | | | | dutch angle | sideways }, { | | | from side | from above | from below }, { | upper body | cowboy shot }, { looking at viewer | looking away | looking at another }, { standing | __action__ },
__hair_bangs__, { | | sidelocks }, __heroin_hair__, __hair_color__, { | | | | __hair_add__ }, __eye_color__, { 0.7:: | 0.2::(thick eyebrows:0.2) | 0.1::(thick eyebrows:0.5)}, { 0.7::large breasts | 0.2::huge breasts | 0.1::(gigantic breasts:0.6) }, { 0.2:: | 0.1::(tan) | 0.5::shiny skin | 0.1::(pale skin:0.5) | 0.1::(pale skin:0.8) }, { | | | (narrow eyes:0.6) | (narrow eyes:0.8) | (narrow eyes:0.4) }, { | | | | glasses }, { | | | | | earrings }, { | | | (makeup:0.25) | (makeup:0.5) | (makeup:0.75) },
thick thighs, wide hips,
formal clothes, office lady, suit, collared shirt, pencil skirt, pantyhose,
indoor, { office, desk, chair, office chair, computer,  computer keyboard, plant | corridor, linoleum floor, window, building, sky },
multiple boys, faceless male,
{ expressionless | __expression/normal__ | __expression/sad__ | __expression/angry__ },
depth of field, detailed background, 4k, 8k, Ultra HD,
__rating/sfw__, __quality/Illustrious2__,
, <lora:suit_skirt_illustrious_V1.0:0:1:lbw=INS2:stop=10> ",
OL_完落ち(手で顔隠す・cumdrip),"1girl, legs up, lying, on back, on bed, after sex, spread legs, solo focus, head back,
covering own eyes,
__hair_bangs__, { | | sidelocks }, __heroin_hair__, __hair_color__, { | | | | __hair_add__ }, { 0.7::large breasts | 0.2::medium breasts | 0.1::(huge breasts:0.6) }, { 0.2:: | 0.1::tan | 0.5::shiny skin | 0.1::(pale skin:0.5) | 0.1::(pale skin:0.8) }, { | 0.4::large areolae } , { | 0.3::puffy nipples | 0.1::inverted nipples } , { | light areolae | (dark areolae:0.5) }, { | | | | | earrings }, { | | | (pubic hair:0.2)  | (pubic hair:0.6) },
unworn bra, unworn panties, used condom,
{ | | skinny | narrow waist |  (plump:0.8) | (chubby:0.6) }, { | | wide hips},
anus, ass, pussy, pussy juice stain,
cum, cumdrip, cum in pussy, cum in ass,
sweat, steaming body, heavy breathing,
completely nude,
indoor, hotel, hotel room, love hotel, bed, bed sheet,
depth of field, detailed background, 4k, 8k, Ultra HD,
__rating/nsfw__, __quality/Illustrious2__",
,,
OL_指導_混浴指導(バック・ガラス押し付け),"1girl, 1boy, hetelo, looking back, cowboy shot, standing, breasts on glass, hand on glass, breast press, against glass, sex from behind, shared bathing,
__hair_bangs__, { | | sidelocks }, __heroin_hair__, __hair_color__, { | | | | __hair_add__ }, __eye_color__, { 0.7:: | 0.2::(thick eyebrows:0.5) | 0.1::(thick eyebrows:0.75)}, { | | | (narrow eyes:0.8) | (narrow eyes:0.4) }, { 0.7::large breasts | 0.2::medium breasts | 0.1::(huge breasts:0.6) }, { 0.2:: | 0.1::tan | 0.5::shiny skin | 0.1::(pale skin:0.5) | 0.1::(pale skin:0.8) }, { | 0.4::large areolae } , { | 0.3::puffy nipples | 0.1::inverted nipples } , { | light areolae | (dark areolae:0.5) }, { | | hair ornament},
areola slip, { | | skinny | narrow waist |  (plump:0.8) | (chubby:0.6) }, { | | wide hips}, { | | | | abs }, { | | | | pubic hair, female pubic hair }, { | | | | | earrings }, { | | | (makeup:0.25) | (makeup:0.5) | (makeup:0.75) }
nude, completely nude, breasts, nipples, navel, collarbone,
wet, sweat,
blush, surprised, open mouth,
fat man, bald, faceless male, torso grab,
indoor, tile wall, bathroom, water, steam, blurry background, 4k, 8k, Ultra HD,,
__rating/nsfw__, __quality/Illustrious2__",
OLa_混浴指導(バック・ガラス押し付け),"1girl, 1boy, hetelo, looking back, cowboy shot, standing, breasts on glass, hand on glass, breast press, against glass, sex from behind, shared bathing,
diagonal bangs, , hime cut, blue hair, , (thick eyebrows:0.2) , (gigantic breasts) , , (narrow eyes:0.8) , girl wear glasses ,
thick thighs, wide hips, shiny skin,
large areolae,  (pubic hair:0.5) ,
nude, completely nude, breasts, nipples, navel, collarbone,
wet, sweat,
blush, exhausted, raised eyebrows, clench teeth,
fat man, hairy, bald, faceless male, torso grab, boy with smile,
indoor, tile wall, bathroom, water, steam, blurry background, 4k, 8k, Ultra HD,,
__rating/nsfw__, __quality/Illustrious2__",
OLa_混浴指導(膣内・バック・腕伸ばし),"1girl, 1boy, hetelo, looking down, cowboy shot, standing, hanging breasts, sex from behind, shared bathing, leaning forward, bent over, outstretched arms,
diagonal bangs, , hime cut, blue hair, , (thick eyebrows:0.2) , (gigantic breasts) , , (narrow eyes:0.8) , faced face, faceless female,
thick thighs, wide hips, shiny skin, trembling, deep cleavage, hair over eyes, hair over face,
large areolae,  (pubic hair:0.5) , female orgasm,
nude, completely nude, breasts, nipples, navel, collarbone,
wet, sweat, x-ray, uterus, cross-section,
blush,
fat man, hairy, bald, faceless male, torso grab, boy with orgasm,
indoor, tile wall, bathroom, water, steam, blurry background, 4k, 8k, Ultra HD,,
__rating/nsfw__, __quality/Illustrious2__",
w_001_導入,"1girl, { | | | | dutch angle | sideways }, { | | | from side | from above | from below }, { | upper body | cowboy shot }, { | looking away | looking at another }, { standing | __action__ },
__heroin_hair__, __hair_color__, __eye_color__, { 0.7:: | 0.2::(thick eyebrows:0.5) | 0.1::(thick eyebrows:0.8) }, { | | | (narrow eyes:0.8) | (narrow eyes:0.4) }, { large breasts | __breasts__ }, { | | skinny | narrow waist |  (plump:0.8) | (chubby:0.6) }, { | | thighhighs }, { | | cardigan },
{ | | | | | | | hair ornament}, { | | | | nail polish },
school uniform, white serafuku, pleated skirt , long sleeves, sailor collar,
{ expressionless | __expression/normal__ | __expression/happy__},
{ garden | classroom | street | park | __location/modern_outdoor__ },
detailed background, 4k, 8k, Ultra HD,,
__rating/sfw__, __quality/Illustrious2__",
w_002_教室,"1girl, { | | | | pov | dutch angle | sideways }, { | | from back | from side | from above | from below}, { | upper body | cowboy shot }, { looking at viewer | looking back | looking at another }, on chair, { sitting | eating, lunch, bento | __action__ },
__heroin_hair__, __hair_color__, __eye_color__, { 0.7:: | 0.2::(thick eyebrows:0.5) | 0.1::(thick eyebrows:0.8) }, { | | | (narrow eyes:0.8) | (narrow eyes:0.4) }, { large breasts | __breasts__ }, { | | skinny | narrow waist |  (plump:0.8) | (chubby:0.6) }, { | | thighhighs }, { | | cardigan },
{ | | | | | | | hair ornament}, { | | | | nail polish },
school uniform, white serafuku, pleated skirt , long sleeves, sailor collar,
{ expressionless | __expression/normal__ | __expression/happy__},
classroom, { 0.2::chalkboard | 0.4::window | 0.2::locker },
detailed background, 4k, 8k, Ultra HD,,
__rating/sfw__, __quality/Illustrious2__",
w_003_体育,"1girl, { | | | pov | dutch angle | sideways }, { | | | from side | from above | from below}, { | upper body | cowboy shot }, { looking at viewer |  looking away | looking at another },
__heroin_hair__, __hair_color__, __eye_color__, { 0.7:: | 0.2::(thick eyebrows:0.5) | 0.1::(thick eyebrows:0.8) }, { | | | (narrow eyes:0.8) | (narrow eyes:0.4) }, { 0.3::(bouncing breasts, large breasts) | large breasts }, { | | skinny | narrow waist |  (plump:0.8) | (chubby:0.6) },
{ | | | | | (navel, midriff) },
{ | | | | | | | hair ornament}, { | | | | nail polish },
gym uniform, white shirt, gym shirt, shorts, thighs, shoes, socks, { | | | track jacket }, { | 0.5::breath | 0.2::heavy breathing }, { | | sweat }, { | | sweatdrop },
{ panting | serious | tired |  __expression/happy__  |  __expression/sad__},
{ standing | running | walking | stretching | kneeling | on stomach | drinking, water bottle | dancing  },
running track, { | | motion blur },
extra, depth of field, blurry background, detailed background, 4k, 8k, Ultra HD,,
__rating/sfw__, __quality/Illustrious2__",
w_003a_体育_standing,"1girl, { | | | pov | dutch angle | sideways }, { | | | from side | from below }, { | upper body | cowboy shot }, { looking at viewer |  looking down }, standing, { hands behind back | arms behind back | hand on hip | hand on breast | hand on own chest | hand in own hair | arms behind back | v arms | __pose/standing__ },
__heroin_hair__, __hair_color__, __eye_color__, { 0.7:: | 0.2::(thick eyebrows:0.5) | 0.1::(thick eyebrows:0.8) }, { | | | (narrow eyes:0.8) | (narrow eyes:0.4) }, { 0.3::(bouncing breasts, large breasts) | large breasts }, { | | skinny | narrow waist |  (plump:0.8) | (chubby:0.6) },
{ | | | | | | | hair ornament}, { | | | | nail polish },
gym uniform, white shirt, gym shirt, shorts, thighs, shoes, socks, { 0.2::buruma }, track jacket,
{ | | | | | (navel, midriff) },
{ | 0.5::breath | 0.2::heavy breathing }, (sweat:0.75),  sweatdrop,
{ pout | serious  |  __expression/normal__ | __expression/shy__},
{ classroom | clubroom | gym storeroom | gym, basketball court | running track }, { 0.5::motion blur },
{ | | | | | | spoken ellipsis | spoken exclamation mark },
detailed background, 4k, 8k, Ultra HD,,
__rating/sfw__, __quality/Illustrious2__",
w_003_プール,"1girl, solo, looking at viewer,  __view__, standing, { | bent over | leaning forward | armpits | arms up | arms behind head | crossed arms | hands behind back | arms behind back | __pose/standing__ },
__body/cowboy__,
{ | | | abs },
breasts, swimsuit, one-piece swimsuit, competition swimsuit, black one-piece swimsuit, bare shoulders,
wet, sweat, heavy breathing, { | | | | | whistle, whistle around neck }, { | | | | jacket, white jacket, off shoulder },
{ __expression/normal__ | __expression/happy__ } ,
tree, fence, blurry background, 4k, 8k, Ultra HD,,
__rating/questionable__, __quality/Illustrious2__",
w_004_友達_co,"2girls , pov, { | | | selfie | dutch angle }, { | upper body | cowboy shot }, looking at viewer,
indoor, hallway, school, blurry background, depth of field, detailed background, 4k, 8k, Ultra HD,
__rating/questionable__, __quality/Illustrious2__
◆◆◆
2girls, { || tall female },
__heroin_hair__, __hair_color__, __eye_color__, { 0.7:: | 0.2::(thick eyebrows:0.5) | 0.1::(thick eyebrows:0.8) }, { | | | (narrow eyes:0.8) | (narrow eyes:0.4) }, { large breasts | __breasts__ }, { | | skinny | narrow waist |  (plump:0.8) | (chubby:0.6) }, { 0.2::cleavage | 0.2::collarbone },
{ | | cardigan }, { | | thighhighs },
{ | | | | | | | hair ornament}, { | | | | nail polish },
{ __expression/normal__ | __expression/happy__},
standing, v, school uniform, white serafuku, plaid skirt, long sleeves, sailor collar,
◆◆◆
2girls, { || tall female },
__heroin_hair__, __hair_color__, __eye_color__, { 0.7:: | 0.2::(thick eyebrows:0.5) | 0.1::(thick eyebrows:0.8) }, { | | | (narrow eyes:0.8) | (narrow eyes:0.4) }, { large breasts | __breasts__ }, { | | skinny | narrow waist |  (plump:0.8) | (chubby:0.6) }, { 0.2::cleavage | 0.2::collarbone },
{ | | cardigan }, { | | thighhighs },
{ | | | | | | | hair ornament}, { | | | | nail polish },
{ expressionless | __expression/shy__ | __expression/happy__},
standing, v, school uniform, white serafuku, plaid skirt, long sleeves, sailor collar,",
w_004b_友達,"2girls , pov, selfie, face, close-up, looking at viewer, indoor, hallway, school, blurry background, depth of field, detailed ackground, 4k, 8k, Ultra HD, __rating/questionable__, __quality/Illustrious2__
,◆◆◆
2girls, { || tall female },
__heroin_hair__, __hair_color__, __eye_color__, { 0.7:: | 0.2::(thick eyebrows:0.5) | 0.1::(thick eyebrows:0.8) }, { | | | (narrow eyes:0.8) | (narrow eyes:0.4) }, { large breasts | __breasts__ }, { | | skinny | narrow waist |  (plump:0.8) | (chubby:0.6) }, { 0.2::cleavage | 0.2::collarbone },
{ | | cardigan }, { | | thighhighs },
{ | | | | | | | hair ornament}, { | | | | nail polish },
{ __expression/normal__ | __expression/happy__},
standing, v, school uniform, white serafuku, plaid skirt, long sleeves, sailor collar,
,◆◆◆
2girls, { || tall female },
__heroin_hair__, __hair_color__, __eye_color__, { 0.7:: | 0.2::(thick eyebrows:0.5) | 0.1::(thick eyebrows:0.8) }, { | | | (narrow eyes:0.8) | (narrow eyes:0.4) }, { large breasts | __breasts__ }, { | | skinny | narrow waist |  (plump:0.8) | (chubby:0.6) }, { 0.2::cleavage | 0.2::collarbone },
{ | | cardigan }, { | | thighhighs },
{ | | | | | | | hair ornament}, { | | | | nail polish },
{ expressionless | __expression/shy__ | __expression/happy__},
standing, v, school uniform, white serafuku, plaid skirt, long sleeves, sailor collar,",
w_005_腋見せ(セーラーリボン),"1girl, { | | | | pov | dutch angle | sideways }, { | | | from side, sideboob | from above, cleavage | from below, underboob }, close-up, { looking at viewer | looking away | looking at another | looking down }, standing, { armpits | arm up }, { | | | | | (armpit hair:0.2) },
__body/upper__,
__colors__ bra, lace bra, { | | | | | neck ribbon, red neck ribbon },
{ expressionless | __expression/sad__ | __expression/shy__ | naughty face },
locker room, { | locker },
blurry background, depth of field, detailed background, 4k, 8k, Ultra HD,,
__rating/nsfw__, __quality/Illustrious2__, ",
w_006_退屈(制服),"1girl, { | | | | pov | dutch angle | sideways }, from above, cleavage, breast focus, { | looking away | looking at another | looking down }, sitting, { | knees together feet apart },
__heroin_hair__, __hair_color__, __eye_color__, { 0.7:: | 0.2::(thick eyebrows:0.5) | 0.1::(thick eyebrows:0.8) }, { | | | (narrow eyes:0.8) | (narrow eyes:0.4) }, { large breasts | __breasts__ }, { | | skinny | narrow waist |  (plump:0.8) | (chubby:0.6) }, { 0.2::cleavage | 0.2::collarbone }, { | | thighhighs },
{ | | | | | | | hair ornament}, { | | | | nail polish },
school uniform, white serafuku, { | | cardigan }, pleated skirt , long sleeves, sailor collar, { | | collarbone },
{ expressionless | __expression/normal__ | __expression/happy__},
outdoor, __location/modern_outdoor__, bench, wooden bench, on bench, grass, tile floor,
blurry background, depth of field, detailed background, 4k, 8k, Ultra HD,,
__rating/sfw__, __quality/Illustrious2__, ",
w_010_ラブホ_CO(制服),"1girl, 1boy, hetero, from above, breast focus, bed, hotel room, love hotel, dynamic angle, atmospheric perspective, blurry background, 4k, 8k, Ultra HD, __rating/nsfw__, __quality/Illustrious2__,
,◆◆◆
tall female, __hair_bangs__, { | | sidelocks }, __heroin_hair__, __hair_color__, { | | | | __hair_add__ }, __eye_color__, { 0.7:: | 0.2::(thick eyebrows:0.5) | 0.1::thick eyebrows}, { | | | (narrow eyes:0.8) | (narrow eyes:0.4) }, { large breasts | __breasts__ }, { | | skinny | narrow waist |  (plump:0.8) | (chubby:0.6) },  { | | thighhighs },
{ | | | | | | | hair ornament}, { | | | | nail polish },
open clothes, school uniform, __colors__ bikini, long sleeves, sailor collar,
{ expressionless | __expression/shy__ | __expression/joy__ },
1girl, sitting,
(covered erect nipples:0.55), shiny skin, navel, sweat,
,◆◆◆
1boy, sitting, faceless male, fat man, grin, topless male, boxer briefs, bald, tan, (sketch:2), (flat color:0.4)",
w_010_フェチ(ハイレグ・フォーカス),"1girl, solo,  { skindentation | from side, groin },
navel, stomach,
thighs, skindentation, wide hips,
(abs:0.6) ,
swimsuit, highleg bikini, highleg, black bikini, thighhighs,
__rating/nsfw__, __quality/Illustrious2__,",
w_011_armpits(正面)LO,"(sage_joh:0.31), (mx2j:0.81), (cuboon:0.65), (ikuchan_kaoru:0.53), (hirune_\(imomonono\):0.16),
1girl, solo, looking at viewer, arms up, arms behind head, upper body,
__hair_bangs__, { | | sidelocks }, __heroin_hair__, __hair_color__, { | | | | __hair_add__ }, { 0.7:: | 0.2::(thick eyebrows:0.5) | 0.1::thick eyebrows}, { 0.7::large breasts | 0.2::huge breasts | 0.1::(gigantic breasts:0.6) }, { 0.2:: | 0.1::tan | 0.5::shiny skin | 0.1::(pale skin:0.5) | 0.1::(pale skin:0.8) }, { | | | (narrow eyes:0.6) | (narrow eyes:0.8) | (narrow eyes:0.4) },
breasts, cleavage,
sweat, steaming body,
sweatdrop,
topless, pasties, cross pasties, pink pasties,
simple background, black background, gradient background,
blush, { __expression/normal__, __expression/happy__ | grin, teeth | light smile | __expression/shy__  },
areola slip,
__rating/nsfw__, __quality/Illustrious2__,
<lora:Illustrious_Glossy_Skin_V3:1:1:lbw=INS2:stop=10> ,shiny skin,
{  |  <lora:nipple_size_slider_illustrious_goofy:1:0.8:lbw=PREG:stop=10> } ,nipple,",
w_012_armpits(乳輪・正面)LO,"1girl, solo, looking at viewer, arms up, arms behind head, upper body,
__hair_bangs__, { | | sidelocks }, __heroin_hair__, __hair_color__, { | | | | __hair_add__ }, { 0.7:: | 0.2::(thick eyebrows:0.5) | 0.1::thick eyebrows}, { 0.7::large breasts | 0.2::huge breasts | 0.1::(gigantic breasts:0.6) }, { 0.2:: | 0.1::(tan, (dark areolae:0.7)) | 0.5::shiny skin | 0.1::(pale skin:0.5),light areolae | 0.1::(pale skin:0.8),light areolae }, { | | | (narrow eyes:0.6) | (narrow eyes:0.8) | (narrow eyes:0.4) },
breasts, nipples, breasts out, { 0.5:: | 0.3::cleavage | 0.2::breasts apart}, armpits,
sweat, steaming body,
sweatdrop,
topless,
simple background, black background, gradient background,
blush, { raised eyebrow, forced_smile, open mouth | grin | light smile | expressionless, shaded face, parted lips |   __expression/normal__ | __expression/happy__ |  __expression/shy__  },
__rating/nsfw__, __quality/Illustrious2__,
<lora:Illustrious_Glossy_Skin_V3:1:1:lbw=INS2:stop=10> ,shiny skin,
{ | large areolae, <lora:nipple_size_slider_illustrious_goofy:1:0.8:lbw=1,1,1,1,1,1,1,1,1,0,0,0:stop=10> |
large areolae, <lora:nipple_size_slider_illustrious_goofy:1:0.8:lbw=0.7,0.7,0.7,0.7,0.7,0.7,0.7,0.7,0.7,0,0,0:stop=10> |
large areolae, <lora:nipple_size_slider_illustrious_goofy:1:0.8:lbw=0.45,0.45,0.45,0.45,0.45,0.45,0.45,0.45,0.45,0,0,0:stop=10> |
areolae, <lora:nipple_size_slider_illustrious_goofy:1:0.8:lbw=-1,-1,-1,-1,-1,-1,-1,-1,-1,0,0,0:stop=10> |
areolae, <lora:nipple_size_slider_illustrious_goofy:1:0.8:lbw=-1.5,-1.5,-1.5,-1.5,-1.5,-1.5,-1.5,-1.5,-1.5,0,0,0:stop=10>  } ,nipple,",
w_012_乳見せ(制服),"1girl, pov, breast focus, standing, { | | dutch angle }, upper body,
__hair_bangs__, { | | sidelocks }, __heroin_hair__, __hair_color__, { | | | | __hair_add__ }, { 0.7:: | 0.2::(thick eyebrows:0.5) | 0.1::thick eyebrows}, { 0.7::large breasts | 0.2::huge breasts | 0.1::(gigantic breasts:0.6) }, { 0.2:: | 0.1::tan | 0.5::shiny skin | 0.1::(pale skin:0.5) | 0.1::(pale skin:0.8) },
{ | closed eyes, smile | __expression/shy__ , { (narrow eyes:0.8) | (narrow eyes:0.4) } },
undressing, bare shoulders, pleated skirt, school uniform,
__colors__ bra, midriff, sweat, sweatdrop,
{ 0.2::head tilt}, { | hand on hip | hand on breast | arms behind back | crossed arms | v arms | hand in own hair | covering_breasts },
parted lips, shaded face, blush,
hotel room, love hotel, dynamic angle, atmospheric perspective, depth of field, detailed background, 4k, 8k, Ultra HD,,
__rating/nsfw__, __quality/Illustrious2__, ",
w_011_乳揉み(制服),"1girl, hetero, __view__, breast focus, hug own, sitting,
__hair_bangs__, { | | sidelocks }, __heroin_hair__, __hair_color__, { | | | | __hair_add__ }, __eye_color__, { 0.7:: | 0.2::(thick eyebrows:0.5) | 0.1::thick eyebrows}, { | | | (narrow eyes:0.8) | (narrow eyes:0.4) }, { 0.7::large breasts | 0.2::medium breasts | 0.1::(huge breasts:0.6) }, { 0.2:: | 0.1::tan | 0.5::shiny skin | 0.1::(pale skin:0.5) | 0.1::(pale skin:0.8) }, { | 0.4::large areolae } , { | 0.3::puffy nipples | 0.1::inverted nipples } , { | light areolae | (dark areolae:0.5) },
{ expressionless | __expression/shy__ | __expression/joy__ },
undressing, bare shoulders, pleated skirt, school uniform,
__colors__ bra,
grabbing another's breast, sweat, sweatdrop,
1boy, faceless male, bald, ugly man, topless male, age difference, excited, licking lips,
hotel room, love hotel, dynamic angle, atmospheric perspective, depth of field, detailed background, 4k, 8k, Ultra HD,,
__rating/nsfw__, __quality/Illustrious2__, ",
w_011_乳揉み_CO,"(sage_joh:0.31), (mx2j:0.81), (cuboon:0.65), (ikuchan_kaoru:0.53), (hirune_\(imomonono\):0.16), 1girl, 1boy, hetero, __view__, breast focus, __rating/nsfw__, __quality/Illustrious2__, bed, hotel room, love hotel, dynamic angle, atmospheric perspective, blurry background, 4k, 8k, Ultra HD, grabbing another's breast, sweat, sweatdrop,
,◆◆◆
1girl, sitting,
__hair_bangs__, { | | sidelocks }, __heroin_hair__, __hair_color__, { | | | | __hair_add__ }, __eye_color__, { 0.7:: | 0.2::(thick eyebrows:0.5) | 0.1::thick eyebrows}, { | | | (narrow eyes:0.8) | (narrow eyes:0.4) }, { 0.7::large breasts | 0.2::medium breasts | 0.1::(huge breasts:0.6) }, { 0.2:: | 0.1::tan | 0.5::shiny skin | 0.1::(pale skin:0.5) | 0.1::(pale skin:0.8) }, { | 0.4::large areolae } , { | 0.3::puffy nipples | 0.1::inverted nipples } , { | light areolae | (dark areolae:0.5) },
{ expressionless | __expression/shy__ | __expression/joy__ },
undressing, bare shoulders, pleated skirt, school uniform,
__colors__ bra,
,◆◆◆
1boy, faceless male, bald, ugly man, topless male, age difference, excited, licking lips, (sketch:2), (flat color:0.4)",
w_011_乳揉み2,"1girl, hetero, { looking away | looking at another | looking down }, from below, { close-up | upper body }, breast focus,
__hair_bangs__, { | | sidelocks }, __heroin_hair__, __hair_color__, { | | | | __hair_add__ }, __eye_color__, { 0.7:: | 0.2::(thick eyebrows:0.5) | 0.1::(thick eyebrows:0.75)}, { | | | (narrow eyes:0.8) | (narrow eyes:0.4) }, { | | underboob }, { 0.7::large breasts | 0.2::medium breasts | 0.1::(huge breasts:0.6) }, { 0.2:: | 0.1::tan | 0.5::shiny skin | 0.1::(pale skin:0.5) | 0.1::(pale skin:0.8) }, { | 0.4::large areolae } , { | 0.3::puffy nipples | 0.1::inverted nipples } , { | light areolae | (dark areolae:0.5) }, { | | hair ornament},
{ expressionless | naughty face | __expression/shy__},
sweat, sweatdrop, steaming body, bare shoulders, strap slip, __colors__ bra,
1boy, faceless male, bald, ugly man, topless male, age difference, grabbing another's breast, grabbing from behind,
gradient background, 4k, 8k, Ultra HD,,
__rating/questionable__, __quality/Illustrious2__,
",
w_011_乳首いじり,"1girl, hetero, { looking away | looking at another | looking down }, from below, upper body, breast focus, nipples teasing,
__hair_bangs__, { | | sidelocks }, __heroin_hair__, __hair_color__, { | | | | __hair_add__ }, __eye_color__, { 0.7:: | 0.2::(thick eyebrows:0.5) | 0.1::(thick eyebrows:0.75)}, { | | | (narrow eyes:0.8) | (narrow eyes:0.4) }, { | | underboob }, { 0.7::large breasts | 0.2::medium breasts | 0.1::(huge breasts:0.6) }, { 0.2:: | 0.1::tan | 0.5::shiny skin | 0.1::(pale skin:0.5) | 0.1::(pale skin:0.8) }, { | 0.4::large areolae } , { | 0.3::puffy nipples | 0.1::inverted nipples } , { | light areolae | (dark areolae:0.5) }, { | | hair ornament},
{ naughty face | __expression/shy__},
nude, completely nude, sweat, sweatdrop, steaming body,
1boy, faceless male, bald, ugly man, topless male, age difference, grabbing another's breast, grabbing from behind,
gradient background, 4k, 8k, Ultra HD,,
__rating/questionable__, __quality/Illustrious2__,
<lora:nipple_size_slider_illustrious_goofy:1> ,nipple,",
w_012_キス(拒否・制服),"1girl, hetero, cut-in, face, face focus, imminent kiss, looking away, imminent rape,
__hair_bangs__, { | | sidelocks }, __heroin_hair__, __hair_color__, { | | | | __hair_add__ }, __eye_color__, { 0.7:: | 0.2::(thick eyebrows:0.5) | 0.1::thick eyebrows}, { | | | (narrow eyes:0.8) | (narrow eyes:0.4) }, { 0.7::large breasts | 0.2::medium breasts | 0.1::(huge breasts:0.6) }, { 0.2:: | 0.1::tan | 0.5::shiny skin | 0.1::(pale skin:0.5) | 0.1::(pale skin:0.8) }, { | 0.4::large areolae } , { | 0.3::puffy nipples | 0.1::inverted nipples } , { | light areolae | (dark areolae:0.5) },
{ expressionless, shaded face | __expression/shy__ | __expression/angry__ },
__colors__ bra, bare shoulders, pleated skirt, strap slip,
{ grabbing another's breast | hand on another's cheek | hand on another's shoulder | hug } , sweat, sweatdrop,
1boy, faceless male, bald, ugly man, topless male, age difference, { smirk | licking lips | open mouth },
hotel room, love hotel, dynamic angle, atmospheric perspective, depth of field, detailed background, 4k, 8k, Ultra HD,,
__rating/nsfw__, __quality/Illustrious2__",
w_キス,"1girl, hetero, close-up, lookinig at another, french kiss, from side, facing another,
__hair_bangs__, { | | sidelocks }, __heroin_hair__, __hair_color__, { | | | | __hair_add__ },  tsurime, { 0.7:: | 0.2::(thick eyebrows:0.5) | 0.1::thick eyebrows}, { | | | (narrow eyes:0.8) | (narrow eyes:0.4) }, { 0.7::large breasts | 0.2::medium breasts | 0.1::(huge breasts:0.6) }, { 0.2:: | 0.1::tan | 0.5::shiny skin | 0.1::(pale skin:0.5) | 0.1::(pale skin:0.8) },
{ closed eyes | expressionless, shaded face, __eye_color__ , sparkling eyes, | __expression/shy__, __eye_color__ , sparkling eyes | __expression/angry__, __eye_color__ , sparkling eyes },
sweatdrop,
1boy, faceless male, bald, ugly man, topless male, age difference, { smirk | licking lips | open mouth }, { | | | hand on another's chin } ,
simple background, dynamic angle, atmospheric perspective, depth of field, gradient background, 4k, 8k, Ultra HD,,
__rating/nsfw__, __quality/Illustrious2__ ",
w_ハグ,"1girl, close-up, hug, arms around neck,
__hair_bangs__, { | | sidelocks }, __heroin_hair__, __hair_color__, { | | | | __hair_add__ },  __eye_color__ , sparkling eyes, tsurime, { 0.7:: | 0.2::(thick eyebrows:0.5) | 0.1::thick eyebrows}, { | | | (narrow eyes:0.8) | (narrow eyes:0.4) }, { 0.7::large breasts | 0.2::medium breasts | 0.1::(huge breasts:0.6) }, { 0.2:: | 0.1::tan | 0.5::shiny skin | 0.1::(pale skin:0.5) | 0.1::(pale skin:0.8) },
constricted pupils, closed mouth, blush,
witch, mage robe, witch hat,
1boy, __chara-ojisan/hagedb__,
gradient background, pink theme, bokeh, sparkle, petals,
__rating/nsfw__, __quality/Illustrious2__",
w_012_キス(アップ),"1girl, hetero, close-up, lookinig at another, french kiss, from side, facing another,
__hair_bangs__, { | | sidelocks }, __heroin_hair__, __hair_color__, { | | | | __hair_add__ }, __eye_color__, { 0.7:: | 0.2::(thick eyebrows:0.5) | 0.1::thick eyebrows}, { | | | (narrow eyes:0.8) | (narrow eyes:0.4) }, { 0.2:: | 0.1::tan | 0.5::shiny skin | 0.1::(pale skin:0.5) | 0.1::(pale skin:0.8) },
{ closed eyes | expressionless, shaded face | __expression/shy__ | __expression/angry__ },
sweatdrop,
1boy, faceless male, bald, ugly man, topless male, age difference, { smirk | licking lips | open mouth }, hand on another's chin,
simple background, dynamic angle, atmospheric perspective, depth of field, gradient background, 4k, 8k, Ultra HD,,
__rating/nsfw__, __quality/Illustrious2__",
w_013_キス(成立),"1girl, hetero, close-up, lookinig at another, french kiss, from side, facing another, breast press,
__hair_bangs__, { | | sidelocks }, __heroin_hair__, __hair_color__, { | | | | __hair_add__ }, __eye_color__, { 0.7:: | 0.2::(thick eyebrows:0.5) | 0.1::thick eyebrows}, { | | | (narrow eyes:0.8) | (narrow eyes:0.4) }, { 0.7::large breasts | 0.2::medium breasts | 0.1::(huge breasts:0.6) }, { 0.2:: | 0.1::tan | 0.5::shiny skin | 0.1::(pale skin:0.5) | 0.1::(pale skin:0.8) }, { | 0.4::large areolae } , { | 0.3::puffy nipples | 0.1::inverted nipples } , { | light areolae | (dark areolae:0.5) },
saliva trail, drooling, after kiss,
{ expressionless, shaded face | __expression/shy__ | __expression/angry__ },
__colors__ bra, bare shoulders, pleated skirt, strap slip,
{ grabbing another's breast | hand on another's cheek | hand on another's shoulder | hug } , sweat, sweatdrop,
1boy, faceless male, bald, ugly man, topless male, age difference, { smirk | licking lips | open mouth }, hand on another's chin,
simple background, dynamic angle, atmospheric perspective, depth of field, gradient background, 4k, 8k, Ultra HD,,
__rating/nsfw__, __quality/Illustrious2__",
w_キス＋手マン,"1girl, hetero, lookinig at another, french kiss, from side, facing another, breast press, fingering, after kiss, on back,
__hair_bangs__, { | | sidelocks }, __heroin_hair__, __hair_color__, { | | | | __hair_add__ }, __eye_color__, { 0.7:: | 0.2::(thick eyebrows:0.5) | 0.1::thick eyebrows}, { | | | (narrow eyes:0.8) | (narrow eyes:0.4) }, { 0.7::large breasts | 0.2::medium breasts | 0.1::(huge breasts:0.6) }, { 0.2:: | 0.1::tan | 0.5::shiny skin | 0.1::(pale skin:0.5) | 0.1::(pale skin:0.8) }, { | 0.4::large areolae } , { | 0.3::puffy nipples | 0.1::inverted nipples } , { | light areolae | (dark areolae:0.5) },
saliva trail, drooling, pussy juice, pussy,
{ expressionless, shaded face | __expression/shy__ | __expression/angry__ },
topless,
{ grabbing another's breast | hand on another's cheek | hand on another's shoulder | hug } , sweat, sweatdrop,
1boy, faceless male, { smirk | licking lips | open mouth },
indoor, hotel, room, curtain, gradient background, simple background, dynamic angle, atmospheric perspective, depth of field, gradient background, 4k, 8k, Ultra HD,,
__rating/nsfw__, __quality/Illustrious2__",
w_キス＋手マンLO,"1girl, hetero, looking at another, french kiss, facing another, fingering, on back,
choppy bangs, , twintails, purple hair, , purple eyes , large breasts , (pale skin:0.6) , (narrow eyes:0.6) , , , (makeup:0.25) ,
saliva trail, drooling,
puffy nipples, light areolae,
saliva trail, drooling, pussy juice, pussy,
nude, completely nude, (rolling eyes:0.5), female ejaculation, female orgasm,
hug , sweat, sweatdrop,
1boy, faceless male, boy with serious, veiny penis,  skinny male with black hair who wear boxer briefs,
indoor, hotel, room, bed, gradient background, simple background, dynamic angle, atmospheric perspective, depth of field, gradient background, 4k, 8k, Ultra HD,,
__rating/nsfw__, __quality/Illustrious2__,
<lora:bell_hammer_backwards_body_drop:0:1:lbw=INS2:stop=10>, bell_hammer,",
w_012_パイズリ,"1boy, 1girl, hetero, looking at viewer, paizuri,
__bodynude/upper__,
topless, { | completely nude}, breasts, collarbone, nipple slip, nipples,
wet, sweat,
blush, { serious | :/ | furrowed brow | expressionless | __expression/normal__ | __expression/happy__ },
hotel room, love hotel, dynamic angle, atmospheric perspective, depth of field, detailed background, 4k, 8k, Ultra HD,, on bed, bed,
erection,
__rating/nsfw__, __quality/Illustrious2__",
w_012_パイズリ（発射）,"1boy, 1girl, hetero, looking at viewer, paizuri, ejaculation, projectile cum,
__bodynude/upper__,
{ | completely nude}, breasts, collarbone, nipple slip, nipples,
wet, sweat, cum, cum on body, { cum on breasts | cum on upper body | cum on hair | cum on breasts },
blush, constricted pupils, surprised, { | | | one eye closed }, { closed mouth | open mouth }, { | | | speech bubble, ! },
indoors, on bed, bed, window, wooden floor,
erection, motion blur, blurry background,
__rating/nsfw__, __quality/Illustrious2__",
w_012_パイズリ（後）,"1boy, 1girl, hetero, looking at viewer, paizuri, after ejaculation,
__bodynude/upper__,
{ | completely nude}, breasts, collarbone, nipple slip, nipples,
wet, sweat, cum, cum on body, { cum on breasts | cum on upper body | cum on hair | cum on breasts },
blush, { expressionless | __expression/normal__ | __expression/happy__},
indoors, on bed, bed, window, wooden floor,
erection,
__rating/nsfw__, __quality/Illustrious2__",
w_013_パイズリ(RQ),"1boy, 1girl, hetero, looking at viewer, solo focus, pov, paizuri,
black hair, eyewear on head, red eyes, bangs, crossed bangs, hair between eyes,
huge breasts, cleavage, collarbone, bare shoulders, off shoulder,
penis,
cum, cum on body, cum on breasts,
sweat, mosaic censoring, censored,
tongue out, tongue, blush, smile, licking lips,
swimsuit, jacket, black bikini, bikini, red jacket, choker, race queen, sunglasses, black choker, open jacket,
__rating/nsfw__, __quality/Illustrious2__",
w_013_口見せ,"1girl, looking at viewer, { close-up | upper body }, collarbone,
__heroin_hair__, __hair_color__, __eye_color__, { 0.7:: | 0.2::(thick eyebrows:0.5) | 0.1::(thick eyebrows:0.8) }, { | | | (narrow eyes:0.8) | (narrow eyes:0.4) }, { | large breasts | __breasts__ }, collarbone, { | | hair ornament}, { | | nail polish },
{ expressionless | naughty face | __expression/shy__}, { | | | cleavage },
school uniform, white serafuku, { | | cardigan }, pleated skirt , long sleeves, sailor collar
oral invitation, uvula, { | | | tougue out }, { 1-$$drooling|saliva|saliva trail }, { handjob gesture | sexually suggestive },
gradient background, 4k, 8k, Ultra HD,,
__rating/questionable__, __quality/Illustrious2__",
w_013_フェラ1-1,"1boy, 1girl, hetero, { | from side | from above | pov }, { looking down | looking up | looking at another | }, fellatio, oral,
__bodynude/upper__,
{ | completely nude, nipple slip, nipples }, breasts, collarbone,
sweatdrop, testicles,
blush, { | | half-closed eyes }, { expressionless | __expression/normal__ | __expression/happy__},
indoors, __location/modern_indoor__,
penis, erection,
4k, 8k, Ultra HD,,
__rating/nsfw__, __quality/Illustrious2__",
w_014_温泉,"1girl, solo, looking at viewer, cowboy shot, standing, { hand on own chest | __pose/standing__ },
__hair_bangs__, { | | sidelocks }, __heroin_hair__, __hair_color__, { | | | | __hair_add__ }, __eye_color__, { 0.7:: | 0.2::(thick eyebrows:0.5) | 0.1::(thick eyebrows:0.75)}, { | | | (narrow eyes:0.8) | (narrow eyes:0.4) }, { 0.7::large breasts | 0.2::medium breasts | 0.1::(huge breasts:0.6) }, { 0.2:: | 0.1::tan | 0.5::shiny skin | 0.1::(pale skin:0.5) | 0.1::(pale skin:0.8) }, { | 0.4::large areolae } , { | 0.3::puffy nipples | 0.1::inverted nipples } , { | light areolae | (dark areolae:0.5) }, { | | hair ornament},
areola slip, { | | skinny | narrow waist |  (plump:0.8) | (chubby:0.6) }, { | | wide hips}, { | | | | abs }, { | | | | pubic hair, female pubic hair }
nude, completely nude, breasts, nipples, navel, collarbone,
wet, sweat, pussy juice, trembling,
blush, torogao, toungue out, saliva, parted lips,
outdoors, steam,  blurry, onsen, blurry background, 4k, 8k, Ultra HD,,
__rating/nsfw__, __quality/Illustrious2__",
w_015_騎乗位2-1,"1girl, pov, dutch angle, solo focus, hetero, looking at viewer, 1boy, sex, girl on top, straddling, cowgirl position, vaginal, spread legs,
__hair_bangs__, { | | sidelocks }, __heroin_hair__, __hair_color__, { | | | | __hair_add__ }, __eye_color__, { 0.7:: | 0.2::(thick eyebrows:0.5) | 0.1::(thick eyebrows:0.75)}, { | | | (narrow eyes:0.8) | (narrow eyes:0.4) }, { 0.7::large breasts | 0.2::medium breasts | 0.1::(huge breasts:0.6) }, { 0.2:: | 0.1::tan | 0.5::shiny skin | 0.1::(pale skin:0.5) | 0.1::(pale skin:0.8) }, { | 0.4::large areolae } , { | 0.3::puffy nipples | 0.1::inverted nipples } , { | light areolae | (dark areolae:0.5) }, { | | hair ornament},
areola slip, { | | skinny | narrow waist |  (plump:0.8) | (chubby:0.6) }, { | | wide hips}, { | | | | abs }, { | | | | pubic hair, female pubic hair }
completely nude, breasts, collarbone, nipples, nude, navel, pussy,
cum, cum in pussy, pussy juice, wet, sweat, heavy breathing,
{ :q | disdain | torogao | sulking, shaded face | frustrated | grimace | embarrassed }, grimace, open mouth,
indoors, window,blurry background,
__rating/nsfw__, __quality/Illustrious2__",
w_015_騎乗位2-2(仰け反りアクメ),"1girl, pov, dutch angle, solo focus, hetero, 1boy, sex, girl on top, straddling, cowgirl position, vaginal, spread legs, wide spread legs, head back, arched back, female orgasm, orgasm,
__hair_bangs__, { | | sidelocks }, __heroin_hair__, __hair_color__, { | | | | __hair_add__ }, { 0.7::large breasts | 0.2::medium breasts | 0.1::(huge breasts:0.6) }, { 0.2:: | 0.1::tan | 0.5::shiny skin | 0.1::(pale skin:0.5) | 0.1::(pale skin:0.8) }, { | 0.4::large areolae } , { | 0.3::puffy nipples | 0.1::inverted nipples } , { | light areolae | (dark areolae:0.5) }, { | | hair ornament},
areola slip, { | | skinny | narrow waist |  (plump:0.8) | (chubby:0.6) }, { | | wide hips}, { | | | | abs }, { | | | | pubic hair, female pubic hair }
completely nude, breasts, collarbone, nipples, nude, navel, pussy,
cum, cum in pussy, pussy juice, wet, sweat, heavy breathing, { | | female ejaculation }, trembling, motion blur,
tougue, tougue out,
indoors, window,blurry background,
__rating/nsfw__, __quality/Illustrious2__",
w_015_騎乗位2-3(余韻),"1girl, pov, dutch angle, solo focus, hetero, looking at viewer, 1boy, sex, after sex, girl on top, straddling, cowgirl position, vaginal, after viginal, spread legs,
__bodynude/cowboy__,
completely nude, breasts, collarbone, nipples, nude, navel, pussy, { | | | messy hair },
cum, { cumdrip | cum on body, cum on hair, cum on breasts | cum string }, wet, sweat, heavy breathing, trembling,
{ | | empty eyes }, { ahegao | torogao | fucked silly | rolling eyes }, open mouth, saliva, saliva trail, drooling,
penis, heart
indoors, window,blurry background,
__rating/nsfw__, __quality/Illustrious2__",
w_015_騎乗位3-1(正面),"1girl, 1boy, hetero, sex, girl on top, vaginal, straddling, cowgirl position, spread legs, looking at viewer, solo focus, pov,
green hair, long hair, red eyes, bangs,
breasts, nipples, breasts out, large breasts, huge breasts, sagging breasts, bare shoulders, collarbone, covered navel,
thighs,
sweat,
blush, parted lips, fucked silly,
pantyhose, leotard, black leotard, torn clothes, bridal gauntlets, print legwear, bat print, animal print,
__rating/nsfw__, __quality/Illustrious2__",
w_016_後背位1,"1girl, hetero, 1boy, sex, sex from behind, doggystyle, all fours, from behind, solo focus, looking at viewer, looking back, pov,
twintails, long hair, very long hair, red eyes, grey hair, bangs,
back, backboob, shoulder blades, ass, huge ass, butt crack, anus,
breasts, large breasts, huge breasts, gigantic breasts,
sweat, steaming body, wet, cum, cum on ass, cum in pussy,
blush, tongue out, tongue, open mouth,
thighhighs, nude, ribbon, hair ribbon, two-tone ribbon, bed sheet,
dark-skinned male, muscular female,
__rating/nsfw__, __quality/Illustrious2__",
w_後背位(from side)(腕引張り),"1girl, hetero, 1boy, sex, sex from behind, doggystyle, solo focus, from side, cowboy shot,
arched back,
__hair_bangs__, { | | sidelocks }, __heroin_hair__, __hair_color__, { | | | | __hair_add__ }, { 0.7::large breasts | 0.2::medium breasts | 0.1::(huge breasts:0.6) }, { 0.2:: | 0.1::tan | 0.5::shiny skin | 0.1::(pale skin:0.5) | 0.1::(pale skin:0.8) }, { | 0.4::large areolae } , { | 0.3::puffy nipples | 0.1::inverted nipples } , { | light areolae | (dark areolae:0.5) }, { | | hair ornament},
{ | | skinny | narrow waist |  (plump:0.8) | (chubby:0.6) }, { | | wide hips},
cum, cum overflow, pussy juice stain, dripping cum, pulling arms,
sweat, steaming body, heavy breathing,
completely nude,
wooden wall, indoors,
__location/fantasy_indoor__, depth of field, detailed background, 4k, 8k, Ultra HD,
__rating/nsfw__, __quality/Illustrious2__,
<lora:Ohogao_illustrious_v1:lbw=0,0,0,0,0,0,0.8,1,0.3,0,0,0:stop=10> ,ohogao,  puckered lips, trembling, tearing up,  v-shaped eyebrows, rolling eyes, open mouth ",
w_017_正常位1,"1girl, hetero, 1boy, sex, hug, lying, on bed, on back, spread legs, missionary,
__hair_bangs__, { | | sidelocks }, __heroin_hair__, __hair_color__, { | | | | __hair_add__ }, { 0.7::large breasts | 0.2::medium breasts | 0.1::(huge breasts:0.6) }, { 0.2:: | 0.1::tan | 0.5::shiny skin | 0.1::(pale skin:0.5) | 0.1::(pale skin:0.8) }, { | 0.4::large areolae } , { | 0.3::puffy nipples | 0.1::inverted nipples } , { | light areolae | (dark areolae:0.5) }, { | | | | | | hair ornament},
nude, completely nude, pillow, bed sheet, breasts, nipples, thighs,
sweat, steaming body,
blush,
bald, dark-skinned male, dark skin, interracial, motion lines, arms around neck,
__rating/nsfw__, __quality/Illustrious2__",
w_017_(front view)尻上げバック,"1girl, hetero, 1boy, sex, sex from behind, doggystyle, all fours, solo focus, looking at viewer, top-down bottom-up,
__hair_bangs__, { | | sidelocks }, __heroin_hair__, __hair_color__, { | | | | __hair_add__ }, { 0.7::large breasts | 0.2::medium breasts | 0.1::(huge breasts:0.6) }, { 0.2:: | 0.1::tan | 0.5::shiny skin | 0.1::(pale skin:0.5) | 0.1::(pale skin:0.8) }, { | 0.4::large areolae } , { | 0.3::puffy nipples | 0.1::inverted nipples } , { | light areolae | (dark areolae:0.5) }, { | | | | | | hair ornament},
nude, completely nude, bed sheet, breasts, ass,
cum, cum in pussy, sweat,
heart-shaped pupils, symbol-shaped pupils,
blush, rolling eyes, ahegao, open mouth,
dark-skinned male, dark skin,
__rating/nsfw__, __quality/Illustrious2__,",
w_020_寝バック(sideview),"1girl, hetero, 1boy, sex, prone bone, lying, sex from behind, from side, solo focus,
__hair_bangs__, { | | sidelocks }, __heroin_hair__, __hair_color__, { | | | | __hair_add__ }, { 0.7::large breasts | 0.2::medium breasts | 0.1::(huge breasts:0.6) }, { 0.2:: | 0.1::tan | 0.5::shiny skin | 0.1::(pale skin:0.5) | 0.1::(pale skin:0.8) }, { | 0.4::large areolae } , { | 0.3::puffy nipples | 0.1::inverted nipples } , { | light areolae | (dark areolae:0.5) }, { | | | | | |
 hair ornament},
breasts, sideboob, bare shoulders,
thighs, thick thighs, ass, huge ass,
sweat, saliva,
blush, open mouth, tongue out, tongue,
swimsuit, bikini, black bikini, side-tie bikini bottom, thighhighs,
dark-skinned male, dark skin, interracial, heart,
__rating/nsfw__, __quality/Illustrious2__,",
w_騎乗位,"hetero, 1boy, sex, girl on top, vaginal, cowgirl position, straddling, spread legs, solo focus, looking at viewer, pov, grinding,
__hair_bangs__, { | | sidelocks }, __heroin_hair__, __hair_color__, { | | | | __hair_add__ }, { closed eyes | expressionless, shaded face, __eye_color__ , sparkling eyes, | __expression/shy__, __eye_color__ , sparkling eyes | __expression/angry__, __eye_color__ , sparkling eyes }, tsurime, { 0.7:: | 0.2::(thick eyebrows:0.5) | 0.1::thick eyebrows}, { 0.7::large breasts | 0.2::medium breasts | 0.1::(huge breasts:0.6) }, { 0.2:: | 0.1::tan | 0.5::shiny skin | 0.1::(pale skin:0.5) | 0.1::(pale skin:0.8) },
topless, nude, navel,
sweat, steaming body, wet,
{ __expression/happy__ | __expression/happy__ }, blush, tongue out, tongue, open mouth,
__chara-ojisan/hagedb__,
wooden wall, bed, night, candle, candlestand,
__rating/nsfw__, __quality/Illustrious2__",
w_騎乗位(仰け反りアクメ・断面図),"hetero, 1boy, sex, girl on top, vaginal, cowgirl position, straddling, spread legs, solo focus, head back, from side,
__hair_bangs__, { | | sidelocks }, __heroin_hair__, __hair_color__, { | | | | __hair_add__ }, { closed eyes | expressionless, shaded face, __eye_color__ , sparkling eyes, | __expression/shy__, __eye_color__ , sparkling eyes | __expression/angry__, __eye_color__ , sparkling eyes }, tsurime, { 0.7:: | 0.2::(thick eyebrows:0.5) | 0.1::thick eyebrows}, { 0.7::large breasts | 0.2::medium breasts | 0.1::(huge breasts:0.6) }, { 0.2:: | 0.1::tan | 0.5::shiny skin | 0.1::(pale skin:0.5) | 0.1::(pale skin:0.8) },
topless, nude, navel, bouncing breasts,
sweat, steaming body, wet, cum, cum in pussy, orgasm,
blush, tongue out, tongue, open mouth,
__chara-ojisan/hagedb__,
wooden wall, bed, night, candle, candlestand,
__effect/x-ray__,
__rating/nsfw__, __quality/Illustrious2__,",
w_騎乗位-b(仰け反りアクメ・断面図・牛ビキニ),"1girl, 1boy, sex, hetero, girl on top, cowgirl position, straddling, spread legs, head back, solo focus, squatting cowgirl position, squatting, pov,
__hair_bangs__, { | | sidelocks }, __heroin_hair__, __hair_color__, { | | | | __hair_add__ }, { 0.7::large breasts | 0.2::medium breasts | 0.1::(huge breasts:0.6) }, { 0.2:: | 0.1::tan | 0.5::shiny skin | 0.1::(pale skin:0.5) | 0.1::(pale skin:0.8) }, { | 0.4::large areolae } , { | 0.3::puffy nipples | 0.1::inverted nipples } , { | light areolae | (dark areolae:0.5) }, { | | | | | |
 hair ornament},
{ | | skinny | narrow waist |  (plump:0.8) | (chubby:0.6) }, { | | wide hips},
breasts, large breasts, nipples, navel, stomach, breasts apart,
thighs, thick thighs, pussy, cervix,
cum, internal cumshot, ejaculation,
tongue out, tongue, ahegao, blush, open mouth, orgasm,
saliva, trembling,
bikini bottom aside, micro bikini, print bikini, string bikini, highleg bikini, red collar, long sleeves, swimsuit, bikini, cow print, animal print, thighhighs, collar, animal collar, clothing aside,
night, outdoors, sky, night sky, tree, heart, motion lines,
__rating/nsfw__, __quality/Illustrious2__,",
w_騎乗位(仰け反りアクメ・受精・乳揉み),"hetero, 1boy, sex, girl on top, vaginal, cowgirl position, straddling, spread legs, solo focus, head back, from side,
__hair_bangs__, { | | sidelocks }, __heroin_hair__, __hair_color__, { | | | | __hair_add__ }, { closed eyes | expressionless, shaded face, __eye_color__ , sparkling eyes, | __expression/shy__, __eye_color__ , sparkling eyes | __expression/angry__, __eye_color__ , sparkling eyes }, tsurime, { 0.7:: | 0.2::(thick eyebrows:0.5) | 0.1::thick eyebrows}, { 0.7::large breasts | 0.2::medium breasts | 0.1::(huge breasts:0.6) }, { 0.2:: | 0.1::tan | 0.5::shiny skin | 0.1::(pale skin:0.5) | 0.1::(pale skin:0.8) },
topless, nude, navel, sagging breasts,
sweat, steaming body, wet, cum, cum in pussy, orgasm,
blush, tongue out, tongue, open mouth,
__chara-ojisan/hagedb__, nipple stimulation, grabbing another's breast,
wooden wall, bed, night, candle, candlestand,
__effect/impregnant__,
__rating/nsfw__, __quality/Illustrious2__,",
m_007_正常位,"1boy, 1girl, hetero, sex, missionary, vaginal,
{ __expression/happy__ | grin, teeth },
__hair_bangs__, { | | sidelocks }, __heroin_hair__, __hair_color__, { | | | | __hair_add__ }, { 0.7::large breasts | 0.2::medium breasts | 0.1::(huge breasts:0.6) }, { 0.2:: | 0.1::tan | 0.5::shiny skin | 0.1::(pale skin:0.5) | 0.1::(pale skin:0.8) }, { | 0.4::large areolae } , { | 0.3::puffy nipples | 0.1::inverted nipples } , { | light areolae | (dark areolae:0.5) }, { | | hair ornament},
{ | | skinny | narrow waist |  (plump:0.8) | (chubby:0.6) }, { | | wide hips},
pussy, navel, nipples, nude,
pussy juice, sweat, steaming body,
lying, on back, { | leg hold }, { | leg lift }, { | split },
{ | thigh grab } , penis, testicles,
heart, motion blur, motion lines,
__location/fantasy_indoor__, depth of field, detailed background, 4k, 8k, Ultra HD,
__rating/nsfw__, __quality/Illustrious2__",
w_種付プレス,"1boy, 1girl, hetero, boy on top, deep penetration, knees to chest, legs up, lying, mating press, on back, on bed, sex, spread legs, leg lock,
({ __expression/happy__ | grin, teeth } : 0.5),
__hair_bangs__, { | | sidelocks }, __heroin_hair__, __hair_color__, { | | | | __hair_add__ }, { 0.7::large breasts | 0.2::medium breasts | 0.1::(huge breasts:0.6) }, { 0.2:: | 0.1::tan | 0.5::shiny skin | 0.1::(pale skin:0.5) | 0.1::(pale skin:0.8) }, { | 0.4::large areolae } , { | 0.3::puffy nipples | 0.1::inverted nipples } , { | light areolae | (dark areolae:0.5) }, { | | hair ornament},
{ | | skinny | narrow waist |  (plump:0.8) | (chubby:0.6) }, { | | wide hips},
anus, ass, penis, pussy, testicles, vaginal,
cum, cum in pussy, cum overflow,
sweat, steaming body,
completely nude,
bed, bed sheet, pillow, indoors,
__location/fantasy_indoor__, depth of field, detailed background, 4k, 8k, Ultra HD,
__rating/nsfw__, __quality/Illustrious2__",
w_事後_仰け反り(カエルアクメ),"1girl, legs up, lying, on back, on bed, after sex, spread legs, solo focus, head back,
{ __expression/happy__ | grin, teeth },
__hair_bangs__, { | | sidelocks }, __heroin_hair__, __hair_color__, { | | | | __hair_add__ }, { 0.7::large breasts | 0.2::medium breasts | 0.1::(huge breasts:0.6) }, { 0.2:: | 0.1::tan | 0.5::shiny skin | 0.1::(pale skin:0.5) | 0.1::(pale skin:0.8) }, { | 0.4::large areolae } , { | 0.3::puffy nipples | 0.1::inverted nipples } , { | light areolae | (dark areolae:0.5) }, { | | hair ornament},
{ | | skinny | narrow waist |  (plump:0.8) | (chubby:0.6) }, { | | wide hips},
anus, ass, pussy,
cum, cumdrip, cum in pussy, cum in ass, sweat,
sweat, steaming body, heavy breathing,
completely nude,
bed, bed sheet, indoors,
depth of field, detailed background, 4k, 8k, Ultra HD,
__rating/nsfw__, __quality/Illustrious2__",
m_種付プレス(事後・見せつけ・cumdrop),"1girl, legs up, lying, on back, on bed, after sex, spread legs, presenting,
{ __expression/happy__ | grin, teeth },
__hair_bangs__, { | | sidelocks }, __heroin_hair__, __hair_color__, { | | | | __hair_add__ }, { 0.7::large breasts | 0.2::medium breasts | 0.1::(huge breasts:0.6) }, { 0.2:: | 0.1::tan | 0.5::shiny skin | 0.1::(pale skin:0.5) | 0.1::(pale skin:0.8) }, { | 0.4::large areolae } , { | 0.3::puffy nipples | 0.1::inverted nipples } , { | light areolae | (dark areolae:0.5) }, { | | hair ornament},
{ | | skinny | narrow waist |  (plump:0.8) | (chubby:0.6) }, { | | wide hips},
anus, ass, pussy,
cum, cum overflow, pussy juice stain, dripping cum, grabbing own ass,
sweat, steaming body, heavy breathing,
completely nude,
bed, bed sheet, pillow, indoors,
__location/fantasy_indoor__, depth of field, detailed background, 4k, 8k, Ultra HD,
__rating/nsfw__, __quality/Illustrious2__",
w_事後(精液垂れ流し・見せつけ),"1girl, hetero, 1boy, after sex, after vaginal, from behind, lifted by another, solo focus, standing,
__hair_bangs__, { | | sidelocks }, __heroin_hair__, __hair_color__, { | | | | __hair_add__ }, { 0.7::large breasts | 0.2::medium breasts | 0.1::(huge breasts:0.6) }, { 0.2:: | 0.1::tan | 0.5::shiny skin | 0.1::(pale skin:0.5) | 0.1::(pale skin:0.8) },
breasts, large breasts, ass, thighs, pussy, anus,
cum, cumdrip, cum in pussy, cum in ass, sweat,
bed, bed sheet, curtains, depth of field,
__rating/nsfw__, __quality/Illustrious2__,",
w_事後(後ろから),"1girl, solo, after sex, after vaginal, from behind, ass focus, from below, top-down bottom-up,  feet,
__hair_bangs__, { | | sidelocks }, __heroin_hair__, __hair_color__, { | | | | __hair_add__ }, { 0.7::large breasts | 0.2::medium breasts | 0.1::(huge breasts:0.6) }, { 0.2:: | 0.1::tan | 0.5::shiny skin | 0.1::(pale skin:0.5) | 0.1::(pale skin:0.8) },
breasts, large breasts, backboob, breast press, ass, thighs, pussy, anus, steaming body,
cum, cumdrip, sweat, pussy juice stain, trembling,
hotel, hotel room, love hotel, indoors, used condom, used tissue, bed, bed sheet, curtains, depth of field,
__rating/nsfw__, __quality/Illustrious2__,
",
w_朝チュン(腹ばい・ベッド),"1girl, solo, lying, on bed, on stomach, looking at viewer,
__hair_bangs__, { | | sidelocks }, __heroin_hair__, __hair_color__, { | | | | __hair_add__ },  __eye_color__ , sparkling eyes, tsurime, { 0.7:: | 0.2::(thick eyebrows:0.5) | 0.1::thick eyebrows}, { | | | (narrow eyes:0.8) | (narrow eyes:0.4) }, { 0.7::large breasts | 0.2::medium breasts | 0.1::(huge breasts:0.6) }, { 0.2:: | 0.1::tan | 0.5::shiny skin | 0.1::(pale skin:0.5) | 0.1::(pale skin:0.8) },
wide hips,
smile, blush, closed mouth, licking lips, tongue, tongue out,
completely nude,
bed, bed sheet, curtains, pillow, pillow hug, heart, holding, hugging object, indoors,
__rating/nsfw__, __quality/Illustrious2__",
w_添い寝(ベッド・お誘い),"1girl, solo, lying, on bed, looking at viewer, bed invitation,
__hair_bangs__, { | | sidelocks }, __heroin_hair__, __hair_color__, { | | | | __hair_add__ },  __eye_color__ , sparkling eyes, tsurime, { 0.7:: | 0.2::(thick eyebrows:0.5) | 0.1::thick eyebrows}, { | | | (narrow eyes:0.8) | (narrow eyes:0.4) }, { 0.7::large breasts | 0.2::medium breasts | 0.1::(huge breasts:0.6) }, { 0.2:: | 0.1::tan | 0.5::shiny skin | 0.1::(pale skin:0.5) | 0.1::(pale skin:0.8) },
wide hips, navel,
smile, blush, closed mouth, naughty face,
completely nude,
bed, bed sheet, curtains, pillow, heart, indoors,
__rating/nsfw__, __quality/Illustrious2__",
m_001_魔女,"1girl, __view__, breast focus, { | standing | sitting | lying | flying | __pose/standing__}
__hair_bangs__, { | | sidelocks }, __heroin_hair__, __hair_color__, { | | | | __hair_add__ },  __eye_color__ , sparkling eyes, tsurime, { 0.7:: | 0.2::(thick eyebrows:0.5) | 0.1::thick eyebrows}, { | | | (narrow eyes:0.8) | (narrow eyes:0.4) }, { 0.7::large breasts | 0.2::medium breasts | 0.1::(huge breasts:0.6) }, { 0.2:: | 0.1::tan | 0.5::shiny skin | 0.1::(pale skin:0.5) | 0.1::(pale skin:0.8) }, wide hips,
smile, parted lips, shaded face, blush,
witch, mage robe, witch hat, highleg, pasties, { 0.5::areola slip }, midriff,
{ | 0.2::head tilt}, sweat, sweatdrop,
night, { | 0.4::cloud, dark clouds }, __location/fantasy_outdoor__, dynamic angle, atmospheric perspective, depth of field, detailed background, 4k, 8k, Ultra HD,,
nsfw, explicit, questionable, (masterpiece:1.2), (best quality:1.2), (very aesthetic:1.2), (absurdres:1.2), newest",
m_002_魔女dra,"1girl, __view__, breast focus, { | standing | sitting | lying | flying | __pose/standing__}, casting spell, magic circle, dragon,
__hair_bangs__, { | | sidelocks }, __heroin_hair__, __hair_color__, { | | | | __hair_add__ },  __eye_color__ , sparkling eyes, tsurime, { 0.7:: | 0.2::(thick eyebrows:0.5) | 0.1::thick eyebrows}, { | | | (narrow eyes:0.8) | (narrow eyes:0.4) }, { 0.7::large breasts | 0.2::medium breasts | 0.1::(huge breasts:0.6) }, { 0.2:: | 0.1::tan | 0.5::shiny skin | 0.1::(pale skin:0.5) | 0.1::(pale skin:0.8) }, wide hips,
smile, parted lips, shaded face, blush,
witch, mage robe, witch hat, highleg, pasties, { 0.5::areola slip }, midriff,
{ | 0.2::head tilt}, sweat, sweatdrop,
{ | 0.4::cloud, dark clouds }, __location/fantasy_outdoor__, dynamic angle, atmospheric perspective, depth of field, detailed background, 4k, 8k, Ultra HD,,
nsfw, explicit, questionable, (masterpiece:1.2), (best quality:1.2), (very aesthetic:1.2), (absurdres:1.2), newest",
m_002_胸像,"1girl, solo, looking at viewer, upper body,
twintails, long hair, grey hair, very long hair, bangs, red eyes,
bare shoulders, collarbone, breasts, cleavage, between breasts, large breasts, gigantic breasts,

black nails, nail polish,
steaming body, sweatdrop,
blush, closed mouth, parted lips, empty eyes,
dress, frilled dress, black dress, two-tone dress, frills, ribbon, hair ribbon, two-tone ribbon, earrings, jewelry,
__location/fantasy_outdoor__, depth of field, detailed background, 4k, 8k, Ultra HD,
__rating/nsfw__, __quality/Illustrious2__",
m_002a_抱き枕？,"1girl, solo, looking at viewer, outstretched arms, arms up,
__hair_bangs__, { | | sidelocks }, __heroin_hair__, __hair_color__, { | | | | __hair_add__ }, { 0.7::large breasts | 0.2::medium breasts | 0.1::(huge breasts:0.6) }, { 0.2:: | 0.1::tan | 0.5::shiny skin | 0.1::(pale skin:0.5) | 0.1::(pale skin:0.8) }, { | 0.4::large areolae } , { | 0.3::puffy nipples | 0.1::inverted nipples } , { | light areolae | (dark areolae:0.5) }, { | | hair ornament},
{ | | skinny | narrow waist |  (plump:0.8) | (chubby:0.6) }, { | | wide hips},
stomach, thighs,
white gloves, gloves, thighhighs, white thighhighs,
sweat,
blush, expressionless, (narrow eyes:0.6), parted lips,
dress, white dress, wedding dress, revealing clothes,
flower, yellow rose, yellow flower, petals, rose,
white background,
bed, __location/fantasy_indoor__, depth of field, detailed background, 4k, 8k, Ultra HD,
__rating/nsfw__, __quality/Illustrious2__",
m_002b_ビキニ,"1girl, looking at viewer, solo, arm up,
yellow eyes, red hair, side ponytail, long hair, bangs, ahoge, sidelocks,
breasts, large breasts, huge breasts, cleavage, collarbone, armpits, bare shoulders, thighs, skindentation, hanging breasts,
wet,
grin, blush,
swimsuit, bikini, black bikini, o-ring bikini, multi-strapped bikini, highleg bikini, highleg, goggles, goggles on head, o-ring, whistle, whistle around neck, hair ornament,
blurry background,
beach, __location/fantasy_outdoor__, depth of field, detailed background, 4k, 8k, Ultra HD,
__rating/nsfw__, __quality/Illustrious2__",
m_002c_レースクイーン？,"looking at viewer, solo, arms behind head, arms up,
red eyes, long hair, black hair, bangs, ahoge, very long hair,
navel, armpits, large breasts, huge breasts, cleavage, stomach, thighs, skindentation, underboob,
wet,
one eye closed, smile, blush,
jacket, red jacket, eyewear on head, thighhighs, black thighhighs, thigh strap, black bikini, multi-strapped bikini, highleg bikini, highleg, race queen, sunglasses, choker, off shoulder, open jacket, open clothes,
blue sky, sky, flag,
__location/fantasy_building__, depth of field, detailed background, 4k, 8k, Ultra HD,
__rating/nsfw__, __quality/Illustrious2__",
m_002d_牛娘,"1girl, mature female, solo,
grey hair, long hair, bangs, hair over shoulder,
breasts, huge breasts, navel, bare shoulders, skindentation, underboob, covered nipples, large areolae, inverted nipples, light areolae,
closed eyes, open mouth, smile, blush,
swimsuit, bikini, micro bikini, side-tie bikini bottom, animal print, cow print, bridal gauntlets, collar, neck bell, cowbell, ear tag,
animal ears, cow ears, fake animal ears, horns, cow horns, fake horns,
white background, gradient background, simple background,
__rating/nsfw__, __quality/Illustrious2__",
m_002e_セーラーチェキ_co,"1girl, 1boy, solo focus, looking at viewer, upper body, arm hug, side by side, __rating/nsfw__, __quality/Illustrious2__, school, clock tower, depth of field, detailed background, 4k, 8k, Ultra HD,
◆◆◆
,1girl, looking at viewer, upper body, arm hug,
crossed bangs, sidelocks , twintails, pink hair, white eyes, sparkling eyes, tsurime, thick eyebrows, large breasts, shiny skin, mature,
school uniform, serafuku, pleated skirt, long sleeves, sailor collar, nail polish, <lora:NemuManaka-IL-v1-08:lbw=0.8,0,0,0,0,0.8,0.5,0.25,0,0,0,0:stop=10>, outfit_1, black serafuku, black sailor collar, black shirt, grey neckerchief, breast pocket, long sleeves, black skirt,
(shaded face:0.5), blush, grin,
◆◆◆
,1boy, faceless male,
fat man, bald, dark-skinned male,
pants, jeans, white shirt, t-shirt,
nervous, open mouth,
out of frame,
(sketch:2)",
m_003_ファンタジーsplitsex,"1boy, 1girl, hetero, sex, standing sex, vaginal,
{ __expression/*__ | grin, teeth },
__hair_bangs__, { | | sidelocks }, __heroin_hair__, __hair_color__, { | | | | __hair_add__ }, { 0.7::large breasts | 0.2::medium breasts | 0.1::(huge breasts:0.6) }, { 0.2:: | 0.1::tan | 0.5::shiny skin | 0.1::(pale skin:0.5) | 0.1::(pale skin:0.8) }, { | 0.4::large areolae } , { | 0.3::puffy nipples | 0.1::inverted nipples } , { | light areolae | (dark areolae:0.5) }, { | | hair ornament},
{ | | skinny | narrow waist |  (plump:0.8) | (chubby:0.6) }, { | | wide hips}, { | | | | abs }, { | | | | pubic hair, female pubic hair },
pussy, navel, nipples, nude,
v, double v, flexible, leg hold, leg lift, split, standing, standing on one leg, standing split,
nipple stimulation, nipple tweak, stomach bulge,
pubic hair,  male pubic hair, penis, testicles,
heart, mosaic censoring,
__location/fantasy_outdoor__, depth of field, detailed background, 4k, 8k, Ultra HD,
__rating/nsfw__, __quality/Illustrious2__",
m_003_襲われる,"1girl, solo, arms up, looking at viewer, lying, on back,
short hair, red eyes, bangs, grey hair, ahoge, white hair, ponytail,
breasts, nipples, large breasts, unaligned breasts, armpits, navel, collarbone, bouncing breasts, puffy nipples, narrow waist,
sweat, steaming body, wet,
disdain, shaded face, teeth, blush,
choker, nude, fur trim,
bed, __location/fantasy_indoor__, depth of field, detailed background, 4k, 8k, Ultra HD,
__rating/nsfw__, __quality/Illustrious2__",
bb_001_異世界leg lock,"1boy, 1girl, hetero, sex, missionary, vaginal,
torogao,
__hair_bangs__, { | | sidelocks }, __heroin_hair__, __hair_color__, { | | | | __hair_add__ }, { 0.7::large breasts | 0.2::medium breasts | 0.1::(huge breasts:0.6) }, { 0.2:: | 0.1::tan | 0.5::shiny skin | 0.1::(pale skin:0.5) | 0.1::(pale skin:0.8) }, { | 0.4::large areolae } , { | 0.3::puffy nipples | 0.1::inverted nipples } , { | light areolae | (dark areolae:0.5) }, { | | hair ornament},
{ | | skinny | narrow waist |  (plump:0.8) | (chubby:0.6) }, { | | wide hips}, { | | | | abs }, { | | | | pubic hair, female pubic hair },
on back, lying, spread legs, leg lock, pussy, sweat, steaming body, saliva,
penis, testicles, bald, dark-skinned male, very dark skin, muscular male, shoulder tattoo,
heart, mosaic censoring,
bed, __location/fantasy_indoor__, depth of field, detailed background, 4k, 8k, Ultra HD,
__rating/nsfw__, __quality/Illustrious2__",
old_001_子作り成功(with爺),"2boy, 1girl, mother and son, baby carry, holding baby, breast sucking, breastfeeding, hetero,
{ __expression/*__, torogao },
__hair_bangs__, { | | sidelocks }, __heroin_hair__, __hair_color__, { | | | | __hair_add__ }, { 0.7::large breasts | 0.2::medium breasts | 0.1::(huge breasts:0.6) }, { 0.2:: | 0.1::tan | 0.5::shiny skin | 0.1::(pale skin:0.5) | 0.1::(pale skin:0.8) }, { | 0.4::large areolae } , { | 0.3::puffy nipples | 0.1::inverted nipples } , { | light areolae | (dark areolae:0.5) }, { | | hair ornament},
{ | | skinny | narrow waist |  (plump:0.8) | (chubby:0.6) }, { | | wide hips}, { | | | | abs }, { | | | | pubic hair, female pubic hair },
cleavage, collarbone, bare shoulders, breasts, nipple slip, large areolae,
bra, off-shoulder sweater, off shoulder, lace, lace-trimmed bra, lace trim,
mature female, tall famale,
{ bald | topknot }, old man, mustache, beard, old, grin, long beard, wrinkled skin, facial hair, full beard,
heart, mosaic censoring,
bed, __location/fantasy_indoor__, depth of field, detailed background, 4k, 8k, Ultra HD,
__rating/nsfw__, __quality/Illustrious2__",
old_002_妊娠ソロ_L,"1girl, arm up, solo,
black hair, red eyes, bangs, hair between eyes, crossed bangs,
breasts, large breasts, huge breasts, armpits, arm up, navel, sagging breasts, breasts apart, large areolae,
stomach, skindentation,
red jacket, jacket, multiple straps,
swimsuit, bikini, black bikini, multi-strapped bikini, race queen, highleg bikini, highleg, open clothes,
pregnant, big belly, veiny belly, veiny breasts, dark nipples, lactation, areola slip,
sweat, wet, steaming body, trembling, heart,
open mouth, blush, tongue, tongue out, serious, grimace,
gradient background,
__rating/nsfw__, __quality/Illustrious2__
<lora:nipple_size_slider_illustrious_goofy:1.3> nipple",
comic_001_ツッコミ,"1boy, 1girl,
{ __expression/*__ }, arm up, shrugging, chop, attack,
__hair_bangs__, { | | sidelocks }, __heroin_hair__, __hair_color__, { | | | | __hair_add__ }, { 0.7::large breasts | 0.2::medium breasts | 0.1::(huge breasts:0.6) }, { 0.2:: | 0.1::tan | 0.5::shiny skin | 0.1::(pale skin:0.5) | 0.1::(pale skin:0.8) }, { | | hair ornament},
__clothing/inner__, __clothing/bottom__,
{ | | skinny | narrow waist |  (plump:0.8) | (chubby:0.6) }, { | | wide hips}, { | | | | abs },
faceless male, bald, dark-skinned male, very dark skin, muscular male,
splash page, speed lines, motion lines, star, comic, chibi, simple_background,
__rating/sfw__, __quality/Illustrious2__
",
